tim mchale mchale@gmail.com
john thompson thompson@gmail.com
cara cannone cannone@gmail.com
george mckee mckee@gmail.com
zach raffa raffa@gmail.com
will claytor claytor@gmail.com
james hahn hahn@gmail.com
david arnow arnow@gmail.com
court
court mc mchale@gmail.com
mike ten ten@gmail.com
